,Country,Happiness Ladder Score,Gender Development Index,Expected Years of Education,Freedom to Make Life Choices,Social Support,Generosity,Life Expectancy,Doctors per 10k people,Nutritional Deficiencies,Cancer %,Diabetes %,HIV/AIDS and Tuberculosis %,GDP Per Capita,GDP Per Capita Growth Rate,% Living on Less than $30 Per Day,Internet Speed,Multi-Dimensional Poverty Index,Income Inequality,Air Quality Index,"Pollution Deaths per 100,000",CO2 from Coal,CO2 from Oil,CO2 from Gas,CO2 Emissions
0,Norway,7.392,0.996,17.5,0.96,0.954,0.093,82.1,46.33600000000001,0.3628955613768688,17.058538625341306,5.29672695928,0.132114188778,67329.6777910967,-1.30000015394134,7.556186999999999,168.25,0.15240000000000004,0.067,35.476190476190474,18.865532786845602,3.6024,21.1856,14.317,41.196
1,Australia,7.183,0.976,20.2,0.914,0.94,0.159,82.7,35.874,0.2222037283991834,17.040098242221177,5.38273400852,0.135918807478,51692.8427477695,-1.25459826868642,18.24999,82.73,0.1056,0.11,33.6,17.768147178760994,156.143134,135.476298,84.471564,399.922128
2,Switzerland,7.571,0.95,15.8,0.919,0.942,0.025,82.8,42.363,0.6093656549870404,16.54834038747641,5.2551334807800005,0.215671542872,87097.0364503764,-3.08915995954912,12.51371,229.96,0.1524,0.028,55.21551724137931,20.398375398996738,0.414396,25.309228,6.649167,34.240967
3,Denmark,7.62,0.977,18.7,0.946,0.954,0.03,81.2,44.567,0.3941482725688597,20.738398394678647,5.5540056497500006,0.162976968541,61063.3164304238,-2.34733603210697,12.8827,227.91,0.1524,0.048,38.016666666666666,29.556007905632818,3.142834,18.591156,4.792077,28.282029
4,Netherlands,7.464,0.947,17.9,0.913,0.942,0.175,81.7,35.067,0.2754894701635259,21.82694526710169,5.63912677637,0.1322517232209999,52397.1167129558,-4.32961188285681,16.21487,165.0,0.15240000000000004,0.062,38.13758389261745,29.297164969555286,16.994711,48.155713,70.666977,137.849518
5,Germany,7.155,0.963,16.5,0.875,0.903,0.011,81.1,42.087,0.2035397503237269,18.831721364212747,6.193244953250001,0.155536141773,46208.4294717472,-4.73878904837903,20.44591,136.66,0.1524,0.041,48.24684014869889,28.109882412239347,197.357678,251.383941,167.628086,639.381013
6,Ireland,7.085,0.973,18.6,0.879,0.947,0.077,81.2,30.861,0.4797855642018499,17.385487204558533,4.9266147706,0.1399324802189999,85267.7647437582,4.58709068481787,20.64729,122.55,0.1056,0.113,40.225806451612904,28.528412787418528,3.757762,18.136652,10.951807,35.153202
7,United States,6.951,0.995,16.5,0.837,0.92,0.098,78.24,25.183999999999997,0.8915630146084167,12.624949422967251,9.33254419637,0.9575937444522001,63593.4436209541,-3.74296151216517,20.49984,203.81,0.1524,0.28,89.96341955776725,54.97061377952663,16.686211800000002,95.55551679999999,79.50512224000002,199.62287088
8,Canada,7.103,0.982,15.9,0.915,0.926,0.089,83.4,26.102,0.2940642859148913,18.32176644158216,6.37947098768,0.27603565207,43294.6481631917,-6.25999216467793,18.99677,183.81,0.1524,0.129,43.262411347517734,18.185416249274866,48.034995,238.378466,223.719402,534.863824
9,New Zealand,7.277,0.961,19.2,0.929,0.948,0.134,82.1,30.252,0.1913107392689623,17.30803443190533,4.92654364617,0.112403768564,24484.075862443042,-6.928295939704553,64.374086,92.96119999999999,0.09856000000000001,0.36760000000000004,30.727272727272727,15.925363786458522,5.755663,19.124118,7.846914,34.456753
10,Singapore,6.377,0.985,15.4,0.927,0.915,-0.018,86.0,23.063,0.8524137944138862,13.34419377907548,6.5527511186000025,0.478772322228,17085.810792379627,-5.594732620700336,77.634648,77.02199999999999,0.12072000000000001,0.4236000000000001,91.0,34.67665454144933,1.864508,7.073996,20.970992,29.909495
11,"Hong Kong China (SAR)",6.2896,0.958,15.6,0.8324,0.9144,-0.0898,78.94,28.538399999999996,0.9403971468621222,15.25901302246094,10.304420530658001,0.8203900907426,12512.966983666536,-6.558132987250815,81.71598200000001,117.946,0.13091999999999998,0.30720000000000003,56.822800079098286,44.14075247820862,33.5246986,20.4097206,11.582983200000001,68.9918332
12,Liechtenstein,5.7642,0.9632,15.0,0.761,0.9116,-0.0712,73.46768292682927,17.948055900621117,1.883910948593194,10.290486486060058,6.548592000170787,3.6992855040961805,17085.810792379627,-5.594732620700337,77.634648,77.022,0.12072000000000001,0.4236,71.30503218455311,93.78204872890517,19.467974199999997,21.063282120000004,17.547869040000002,60.51007548
13,Sweden,7.363,0.999,15.8,0.945,0.934,0.086,82.4,53.996,0.3860460248621421,16.876220081448153,5.489909772280001,0.105412387653,52274.4087868798,-3.64699713705915,16.624979999999997,174.9,0.1524,0.055,36.16494845360825,15.728592532126603,6.662655,26.157097,1.446498,36.515101
14,United Kingdom,7.064,0.965,16.2,0.859,0.934,0.233,81.1,28.058000000000003,0.5041462748755976,18.266854401523968,4.2879307868800005,0.145590456435,41059.1688090547,-9.90699278368999,30.38588,102.24,0.1056,0.177,56.608062487583425,76.13816956736837,19.35831948,21.684053119999998,15.79347884,59.41748388
15,Iceland,7.554,0.975,19.0,0.955,0.983,0.16,83.3,39.701,0.3195962290330812,17.569629580324815,4.35521384464,0.174707248741,59270.1800510483,-7.99964552840062,9.269481,106.38,0.1056,0.087,23.0,16.50632148898971,0.667573,2.480043,0.0002,3.328876
16,Korea (Republic of),6.9799999999999995,0.93,16.9,0.8741999999999999,0.9314,-0.0342,81.6,38.46020000000001,0.3539223307534046,18.28686202398996,5.488420740696,0.22195641420904,41508.34917979258,-6.137346374113848,28.266759999999998,156.53400000000002,0.14304,0.099,47.527097425723525,26.841495534765055,46.060809199999994,87.6741352,56.7744158,199.43019580000004
17,Israel,7.157,0.971,16.0,0.8,0.939,0.031,83.0,32.176,0.6957890238175471,15.031542872342095,8.55455785368,0.194208069474,44168.9436355026,-3.88277420206626,48.73182,162.66,0.1524,0.101,87.40425531914893,32.83900239511873,15.701249,19.035631,18.846704,55.008099
18,Luxembourg,7.324,0.971,13.9,0.907,0.908,-0.034,82.6,30.266,0.3979302138480415,17.719507674472002,5.322871044529999,0.195814442678,116014.602496869,-3.68300299431648,12.743470000000002,172.05,0.15240000000000004,0.1,44.5,25.45671515382352,0.237493,5.94124,1.469367,8.096513
19,Japan,5.94,0.961,15.3,0.796,0.884,-0.258,86.0,24.118,0.7522804585388677,19.16170722440464,6.473510909630001,0.1641031838619999,40193.2524448357,-4.26028956099367,29.471940000000004,178.76,0.1524,0.133,51.72364672364672,17.18249275073395,399.366949,387.85735,222.604846,1042.224016
20,Belgium,6.834,0.975,16.3,0.783,0.906,-0.153,81.4,33.234,0.3693999096137079,18.184271261748787,5.15137584894,0.1878972162159999,45159.3482229717,-6.20677030768924,19.2414,125.12,0.1056,0.063,44.58098591549296,29.328649024355286,10.651276,39.498344,35.856444,90.368008
21,France,6.69,0.987,16.0,0.822,0.942,-0.147,82.2,32.349000000000004,0.3355661589886419,20.471301337562565,5.098638977279999,0.21900002318,39030.3603713482,-8.05031008095041,20.73246,214.04,0.1524,0.088,53.33790523690773,18.68595163971032,23.826985,164.451417,80.040967,280.031523
22,Austria,7.268,0.943,15.7,0.908,0.934,0.042,81.9,51.441,0.2850681603669321,17.358557884953527,6.49927615393,0.203517454892,48586.8013213238,-7.12447972593793,17.549400000000002,94.31,0.1056,0.053,53.720588235294116,26.575057954382192,11.393343,30.712898,16.876937,62.037447
23,Finland,7.842,0.996,17.1,0.949,0.954,-0.098,81.3,38.08,0.286331570316343,15.455004554636233,4.51574100281,0.0863405249146,48744.9881267787,-2.96029270983367,16.94965,135.05,0.1524,0.075,38.370370370370374,16.630968624932713,11.871713,20.139138,4.361261,37.595927
24,Slovenia,6.461,0.996,16.8,0.949,0.948,-0.101,81.4,29.95300000000001,0.3260019685212581,18.635227798102942,4.87745552976,0.0647515252462,25517.33066526,-4.7646789030922,36.48544,115.61,0.1524,0.016,70.875,34.9656813513896,4.392651,6.019196,1.749733,12.866237
25,Spain,6.491,0.975,17.3,0.761,0.932,-0.081,82.0,40.691,0.5077744639314616,18.72455107054401,5.9233004122500015,0.5694829990320001,27063.1939180299,-11.2335320992436,44.66121,201.47,0.1524,0.095,38.45647058823529,22.937732098995458,14.300041,120.283595,64.320816,213.339721
26,Italy,6.483,0.964,16.0,0.693,0.88,-0.084,82.5,40.931,0.3754265743125301,19.609837281632363,6.25583300719,0.330032111584,31714.2209467105,-8.67091909932761,37.9337,104.09,0.1524,0.068,62.00408580183861,25.02828154147082,22.269892,127.28358,140.800754,302.2786
27,Czech Republic,6.965,0.98,16.4,0.858,0.947,-0.208,80.4,31.925600000000003,0.3831372408137976,16.279628718606563,5.799018909828,0.2770512173286,47010.15009921518,-6.529164746574767,22.261098,156.37399999999997,0.13368,0.1298,76.57114018119256,35.94845193573742,49.507437599999996,169.080771,112.53624119999999,345.1963204
28,Greece,5.723,0.961,17.6,0.582,0.823,-0.288,81.1,45.92,0.3448123246705915,18.094635975196194,4.88510240167,0.132370952261,17622.5410033504,-8.96790561579094,77.46558,39.08,0.1056,0.146,68.28846153846153,32.84666414746387,10.129119,31.071229,11.042299,55.610277
29,Estonia,6.189,1.03,16.5,0.909,0.941,-0.106,77.4,34.651,0.3364087807842667,15.761323895078668,4.95713861386,0.613763812231,23027.0269956294,-3.25430689209347,47.87407,88.49,0.1524,0.164,38.833333333333336,37.19011858482567,5.335555,3.111814,0.809566,9.34301
30,Brunei Darussalam,5.9082,0.977,14.5,0.7988000000000001,0.8838000000000001,-0.002200000000000002,75.97999999999999,27.273400000000002,0.9148940505844075,12.857422948487038,6.0918487125,0.7427564373760001,8882.420401377527,-5.374268014787542,89.27606399999999,96.126,0.07116000000000001,0.27799999999999997,83.80929402762676,84.06087884430255,15.186405039999997,16.487393599999997,10.8540664,44.04693992
31,Cyprus,6.223,0.971,14.0,0.763,0.802,-0.015,79.3,19.511,0.490004890167997,15.340200682082354,8.629432351230001,0.188250498325,27527.8453055825,-6.51662734902814,33.185379999999995,55.11,0.1056,0.124,50.833333333333336,40.59952240470305,0.068052,6.299155,0.00022,7.269578
32,Qatar,5.6386,0.998,13.8,0.798,0.829,-0.0784,79.4,0.008,0.8227035213173293,5.137115205310406,8.90961399782,0.162252383308,4697.830127637438,-5.537412093143949,93.439666,42.8264,0.13352000000000003,0.483,157.5,99.64317644167072,0.0,8.140869,81.253914,92.860729
33,Andorra,4.9496,0.9283999999999999,13.5,0.8013999999999999,0.792,-0.027200000000000002,83.0,36.4858,0.3405506397523226,17.8792785128085,4.38188902095,0.334844834957,4697.830127637437,-5.537412093143948,93.43966599999999,42.82639999999999,0.13352000000000003,0.483,29.333333333333332,21.150253520042487,0.0,0.448884,0.0,0.448884
34,Slovakia,6.331,0.999,15.1,0.766,0.936,-0.124,77.8,24.643,0.3109593325022315,17.367240573656236,4.78588353509,0.0576926695347,11504.897026443074,-7.5306135642386085,71.65986,115.11,0.2372,0.164,67.53225806451613,54.69947003962666,9.955995,9.610438,9.287948,31.094728
35,Poland,6.166,1.007,15.5,0.841,0.898,-0.165,78.3,23.998,0.3271146291208686,18.8045069063688,4.84343128897,0.198716417783,15720.994663556,-2.50297776781863,89.14335,156.33,0.15240000000000004,0.138,52.46015424164524,54.03382244138741,164.234621,85.531578,36.764228,303.523082
36,Lithuania,6.255,1.03,16.4,0.773,0.935,-0.203,75.5,43.37,0.2823099614116504,14.803065952180456,3.5795656838100003,0.773288807066,20233.6413480843,-0.152550057131648,61.30521,147.05,0.1524,0.125,38.13157894736842,46.512904244207675,0.621598,8.021318,4.242133,13.653155
37,Malta,6.602,0.937,14.4,0.927,0.931,0.133,82.8,38.26,0.4187214516860467,16.93689126323657,6.27796444626,0.14752369281,27884.6428274251,-10.7585470669588,27.11614,144.06,0.15240000000000004,0.227,51.36363636363637,32.97242885385254,0.0,0.863125,0.736261,1.599576
38,Saudi Arabia,6.494,0.901,16.3,0.877,0.891,-0.149,76.2,23.9,0.5030341102673137,5.643995227984751,8.26390398279,0.6772322490389999,17085.810792379627,-5.594732620700336,77.634648,77.022,0.12072000000000001,0.4236,149.28571428571428,70.77877420726337,0.0,371.034522,260.309005,661.192959
39,Argentina,5.929,0.982,17.9,0.828,0.898,-0.182,77.8,39.6,0.9016274716607292,13.962664971703555,6.642161183160001,0.958667412584,17085.810792379627,-5.594732620700336,77.634648,77.022,0.12072000000000001,0.4236,28.235294117647058,40.27793601553129,2.64246,70.912696,90.21251,169.262697
40,United Arab Emirates,6.561,0.954,13.3,0.932,0.844,0.074,79.0,23.94400000000001,0.6859532261852356,7.944101298840108,8.79268249413,0.394353917523,36284.5552429552,-7.2721729746159,2.303563,189.07,0.15240000000000004,0.232,163.66666666666666,84.59250656648733,7.168701,53.970787,130.583105,199.084442
41,Chile,6.172,0.967,15.2,0.742,0.882,-0.044,79.4,10.8,0.7380699098175479,14.273118431428196,6.59386331875,0.808451258927,13231.7042069381,-6.58075571518616,77.32484000000001,217.6,0.15240000000000004,0.338,87.85185185185185,36.51321370146461,26.051363,45.392067,11.537218,83.8338
42,Portugal,5.929,0.985,16.3,0.892,0.879,-0.244,81.1,33.356,0.5229900409612528,17.925236085792278,6.85994592863,1.4349622909500002,22176.2967116929,-8.61393196791485,64.29459,162.55,0.1524,0.111,34.6078431372549,27.76430760574911,2.430948,23.215232,11.992691,41.799894
43,Hungary,5.992,0.976,15.4,0.755,0.943,-0.186,76.7,32.312,0.3093845879536984,19.695265640835,4.95008276166,0.0911624563025,15980.740889649,-4.46667235735364,73.15807,210.55,0.15240000000000004,0.209,63.605633802816904,57.28781077913724,7.440498,17.372881,20.895433,47.284497
44,Bahrain,6.647,0.94,14.4,0.925,0.862,0.089,79.4,9.257,1.3852299355010116,5.986385478305866,14.932370164000002,0.456636914736,17085.810792379627,-5.594732620700337,77.634648,77.022,0.12072000000000001,0.4236000000000001,188.0,103.51951556630722,0.0,3.464196,33.079873,37.60275
45,Latvia,6.032,1.029,15.2,0.715,0.927,-0.162,75.4,31.946,0.2763347825260785,14.838857999137234,4.63106523248,0.9144601231,17726.2529351368,-2.99644878983142,65.65472,135.22,0.1524,0.167,39.90909090909091,53.850634384908155,0.098523,4.170118,2.103025,6.994113
46,Croatia,5.882,0.987,14.8,0.754,0.924,-0.118,76.7,29.962,0.232220229536173,19.19697419472537,4.98692776775,0.117681204498,14134.1626811193,-7.6898296916544,76.56269,69.09,0.1524,0.149,57.935483870967744,49.23349777767147,1.423842,8.273147,5.519125,16.870528
47,Kuwait,6.106,0.972,14.7,0.867,0.843,-0.104,78.6,25.789,1.2761532029490787,5.161070081559663,7.40488912207,0.157841911323,17085.810792379627,-5.594732620700337,77.634648,77.022,0.12072000000000001,0.4236000000000001,162.0,43.82057067593092,0.0,53.144858,44.022322,99.778764
48,Montenegro,5.581,0.954,15.2,0.708,0.858,-0.034,77.3,23.337,0.509331364049204,16.001125989340878,5.9393413001,0.0999971525726,7677.15222569996,-15.2084745840286,89.06294,60.03,0.001,0.171,64.75,56.89406739353303,1.495241,0.956021,0.0,2.451262
49,Belarus,5.534,1.021,15.7,0.65,0.91,-0.18,73.8,40.772,0.4109287910598412,11.942706432404565,3.1437860276,0.961985019926,6424.15217642722,-0.479446185047166,87.61364999999998,69.41,0.0,0.151,38.45454545454545,71.886425339451,3.777468,17.900204,33.632754,58.592041
50,Russian Federation,5.4418,1.019,14.7,0.7121999999999999,0.843,-0.0892,75.17353658536585,15.005411180124224,2.0814600827309446,11.076982468004989,13.440078163314158,2.072805154280436,5378.64845071233,-8.110526830207041,92.86619999999999,40.412,0.13352,0.45120000000000005,42.50684931506849,70.26754977937871,11.6451326,50.9402104,44.7456864,112.47423999999998
51,Oman,4.6899999999999995,0.909,13.6,0.7654,0.8029999999999999,0.0008000000000000007,76.3,19.697,1.4420543514450417,4.726377379260941,9.95288427796,0.279066176229,4697.830127637437,-5.537412093143948,93.43966599999999,42.82639999999999,0.13352000000000003,0.483,137.5,71.19411152480181,0.0,11.330244,54.707254,72.506186
52,Romania,6.14,0.989,14.2,0.845,0.832,-0.219,76.0,22.586,0.9740856998402456,15.84270416741012,3.63949708417,0.58981239287,12896.0886211622,-3.50443023076153,85.91356999999998,232.17,0.15240000000000004,0.333,53.93364928909953,64.91033470718438,14.234452,29.22042,25.117993,74.138009
53,Uruguay,6.431,1.018,15.5,0.896,0.925,-0.092,77.9,50.499,0.9001300251377256,19.00615705678309,5.935960479319999,0.974250000782,15438.4116657291,-6.18382416027808,69.90241,69.91,0.045,0.313,26.653846153846153,27.762146154250907,0.001285,5.869309,0.135443,6.29665
54,Bahamas,5.151200000000001,0.9556000000000001,12.6,0.8549999999999999,0.8294,-0.0678,73.3,19.373,0.8434606527178499,12.88532199618623,10.4597893362,4.73660525451,3166.345503806806,-2.4990465970071605,96.28972,42.4652,0.13000000000000003,0.45359999999999995,65.79562173458726,89.75270095270606,48.80580916000001,21.750513199999997,8.99896772,94.42374767999999
55,Kazakhstan,6.152,1.002,15.0,0.853,0.952,-0.069,72.0,32.522,1.6440480561715634,8.968912427607712,4.1039233890099975,1.1587053292799998,9122.23343021644,-3.75169199933455,96.90642,63.28,0.001,0.267,61.2112676056338,80.84360924448448,181.010491,40.068642,32.208293,278.404593
56,Barbados,6.1812000000000005,1.018,15.4,0.843,0.913,-0.14379999999999998,76.0,24.886,0.9192458533042313,16.326971167909438,13.207041150000002,1.36301684902,17085.810792379627,-5.594732620700336,77.634648,77.022,0.12072000000000001,0.4236,73.0,43.88925424762015,0.0,0.888446,0.044253,1.021586
57,Antigua and Barbuda,6.182599999999999,0.9416,14.0,0.771,0.8460000000000001,-0.06580000000000001,77.3,27.647,3.4164009636795547,12.103094664375137,12.2100551045,1.86399957088,4697.830127637438,-5.537412093143948,93.43966599999999,42.8264,0.13352000000000003,0.483,53.66260794212887,91.90228622939793,18.207186880000002,17.90563412,14.224096040000001,52.572537880000006
58,Bulgaria,5.266,0.991,14.4,0.788,0.931,-0.096,75.0,39.879,0.3282740101154005,14.802908428225422,5.113543861779999,0.195787045093,10079.2033812203,-3.81151594165073,79.04445,86.75,0.1524,0.212,54.261538461538464,71.67617676929346,16.597579,12.141451,5.36171,36.967113
59,Palau,4.9138,0.9318,13.7,0.7208,0.8151999999999999,-0.0372,75.59353658536585,16.47601118012422,1.9417669303960594,12.430477858685634,10.731964646894157,2.9800990224952364,4697.830127637438,-5.537412093143948,93.439666,42.8264,0.13352,0.483,16.0,94.7459470966063,0.0,0.232023,0.0,0.232023
60,Panama,6.18,0.996,13.3,0.872,0.896,-0.166,79.2,15.699000000000002,2.072415836768088,9.716845072058309,8.90907787185,3.60385956965,12509.8352901414,-19.244276467277,74.35763,137.38,0.15240000000000004,0.454,68.44444444444444,29.60344941448665,2.204189,7.727284,1.154994,11.656361
61,Malaysia,5.384,0.947,12.7,0.895,0.817,0.125,75.9,15.132,0.9321984502279886,10.033706306670291,7.254092708330001,1.4706562843200002,10412.3489834381,-6.86027342704296,64.16104,107.55,0.1542,0.209,81.616,63.54449621509185,94.558656,70.517073,76.509741,259.481359
62,Mauritius,6.049,0.95,15.6,0.867,0.905,-0.054,76.5,20.246,1.7030814323338996,8.813236202167895,20.982918616400003,1.0871948639,8627.84315711981,-14.8966374554128,93.2956,39.85,0.1524,0.419,41.0,60.341885006335296,1.523079,2.685274,0.0,4.208353
63,Seychelles,5.4808,0.9254,13.4,0.8384,0.8290000000000001,-0.030800000000000004,75.6,9.458,0.6953848852872906,14.106179302170682,9.24242898865,1.77774067357,10764.4204224611,-11.5294348013153,84.34654,24.9,0.21559999999999996,0.5006,26.0,52.24435866449112,0.0,0.538384,0.0,0.538384
64,Trinidad and Tobago,5.405800000000001,0.985,12.3,0.8008,0.7562,-0.046200000000000005,73.9,26.697,1.0553572021534372,10.222079222445732,16.8811510923,2.47505000468,15425.6351094785,-8.15167997220753,76.27505,85.8,0.02,0.371,94.5,68.2642775469439,0.0,3.468628,31.648718,35.756215
65,Serbia,6.078,0.966,14.4,0.778,0.873,0.002,76.3,31.25,0.4540381025546407,18.30551718913892,6.1567957165900005,0.131261647499,7720.51057195234,-0.413904468120521,94.42966,86.77,0.001,0.176,67.98876404494382,80.66557977417325,30.428334,8.624748,4.536567,44.549156
66,Cuba,5.6386,0.954,13.8,0.798,0.829,-0.0784,79.2,81.9,1.1645423419582766,17.768737780974337,6.4197261499,0.632482831984,4697.830127637438,-5.537412093143948,93.439666,42.8264,0.13352000000000003,0.483,63.07142857142857,42.20273592135643,0.004997,17.371621,1.69522,19.732182
67,Lebanon,4.584,0.899,13.8,0.525,0.848,-0.073,78.3,22.71,0.936131507297616,12.170817169651889,7.234590550559997,0.239269579213,4649.54764607837,-21.1160044260512,80.4461,18.22,0.21660000000000004,0.385,72.0,57.97631147013238,0.493054,21.84848,0.0,24.475147
68,Costa Rica,7.069,0.974,13.9,0.934,0.891,-0.126,79.2,11.497,1.274756609774962,13.276389595500676,7.550056883300001,0.946592272107,12140.8541545754,-4.94039889859498,77.91931,56.39,0.1524,0.349,58.81578947368421,28.680417999357566,0.0,6.345142,0.0,7.081741
69,Iran (Islamic Republic of),5.8578,0.858,15.1,0.7487999999999999,0.8892,-0.056799999999999996,76.15353658536586,19.299611180124224,1.804911356187238,12.244554802225565,11.740165223630157,1.5173774685734362,12776.913520775746,-9.44409014921126,79.605638,56.35119999999999,0.11135999999999999,0.39520000000000005,108.29608938547486,85.23044988576899,78.924091,27.867924000000006,25.9888512,136.7276174
70,Venezuela (Bolivarian Republic of),5.8942,1.03,14.2,0.8032,0.8518000000000001,-0.0904,74.79353658536584,15.985811180124225,1.9938534445953302,10.884662473609628,13.132663321094157,2.758070227304436,5378.64845071233,-8.110526830207041,92.8662,40.412,0.13352,0.45120000000000005,77.72222222222223,109.68675892885912,0.24447619999999998,7.111828999999998,0.192318,9.4310626
71,Turkey,4.948,0.902,14.5,0.576,0.822,-0.139,75.7,17.605,0.9043443555986336,12.51746287143768,8.92843569068,0.202564479056,8536.43331960632,0.695873101348994,84.02879,43.48,0.1524,0.359,51.66804979253112,64.46238293482428,158.630595,115.280894,92.216937,413.433085
72,Sri Lanka,4.325,0.948,13.7,0.841,0.827,0.079,77.5,9.58,1.4811320861440986,8.120481921977168,10.5713160294,0.5058638755439999,3680.67347661745,-4.0794090524288,97.41094,26.08,0.2164,0.37,63.52173913043478,69.60383069658063,6.335415,13.857081,0.0,21.70368
73,Mexico,6.317,0.943,13.1,0.862,0.831,-0.147,76.7,22.478,1.206946742207586,8.202116877463249,15.1662767623,1.1608107102399998,8329.27131263927,-9.27422911762298,92.8582,54.88,0.011,0.373,89.5374149659864,51.968021380810676,20.011074,190.678139,149.524596,391.706208
74,Brazil,6.33,0.997,15.2,0.804,0.882,-0.071,74.7,21.499,1.906097904316944,9.95312896058096,6.46067730041,1.6006130559499998,6796.84454227877,-4.74055319539093,83.08048000000001,113.09,0.1524,0.457,44.57490396927017,48.42927748618761,56.240806,281.089414,59.026096,442.306003
75,Georgia,4.891,0.962,13.8,0.783,0.671,-0.238,77.0,50.976000000000006,0.8794238671018839,13.799022141051132,5.551578575880001,0.6633971728079999,4266.69079450924,-6.60576859188363,98.8713,28.61,0.003,0.382,40.6,84.53183438251575,1.001849,3.35464,5.27262,10.690587
76,Saint Kitts and Nevis,5.649,0.9245999999999999,12.9,0.8542,0.8480000000000001,0.026400000000000007,73.46768292682927,17.948055900621117,1.883910948593194,10.290486486060058,6.548592000170787,3.6992855040961805,4204.433527011085,-5.2087934548635255,94.037746,45.5536,0.12104,0.4652,90.0,150.23218496261174,0.0,0.215855,0.0,0.215855
77,Azerbaijan,5.171,0.942,11.9,0.814,0.836,-0.223,73.6,34.466,1.3827942025602569,9.846049068282158,6.1477354812300025,1.03609704782,4221.40747847848,-4.95270163708527,87.72995999999998,25.1,0.021,0.303,58.76315789473684,105.31311044760183,0.003674,10.848232,25.305594,37.508016
78,Grenada,6.9677999999999995,0.9789999999999999,15.8,0.8674000000000002,0.9292,0.0124,75.2,14.470999999999998,1.2814938433959229,13.84692196816303,11.9968635473,1.31027988939,17205.14814907637,-7.025215312994675,77.04460800000001,80.08120000000001,0.07904,0.4182,53.66260794212887,91.90228622939792,18.207186880000002,17.90563412,14.224096040000001,52.572537880000006
79,Jordan,4.395,0.86,13.5,0.755,0.767,-0.167,75.5,23.436,2.3395843855765115,6.5462430045988205,8.55904352392,0.063440744089,4282.76582461621,-2.53019323476023,96.16099,84.12,0.006,0.473,96.83333333333333,59.47877396525339,0.617038,14.713522,7.847415,24.942159
80,The former Yugoslav Republic of Macedonia,5.7622,0.949,13.4,0.8614,0.8366,0.024199999999999992,76.11999999999999,13.916599999999999,1.2889853021433955,12.811486184068887,8.552140334906001,1.4896273055286,7098.492676420514,-8.129559823012327,87.103032,85.9,0.057719999999999994,0.38332000000000005,42.56822436868687,63.095799867033726,6.745632120000001,15.06078704,7.680893520000001,31.696770679999997
81,Ukraine,4.875,1.003,15.1,0.724,0.888,-0.011,72.9,30.075,0.2647562389875822,12.225489338132556,2.95839258808,2.42113690338,3724.93843689756,-3.35052826556826,96.64315,76.82,0.004,0.286,51.054794520547944,82.41168319643785,102.148412,34.914376,60.774426,206.941159
82,Algeria,4.887,0.837,14.0,0.48,0.802,-0.067,77.5,18.3,1.1881415490933014,6.4817290236089695,8.614000207770001,0.390350862801,3306.85820838104,-6.82696362319118,98.99197,10.43,0.21639999999999998,0.413,88.16666666666667,53.68031228719253,1.098537,54.540075,88.30831,172.504477
83,Peru,5.84,0.947,13.1,0.822,0.832,-0.154,74.7,12.7,2.14768708299684,9.775195333050007,6.15310353633,1.08459569336,6126.87453978867,-12.3921306943849,92.55247,58.73,0.043,0.406,36.4296875,52.660409757378886,2.269338,26.903684,13.614184,47.489139
84,Albania,5.117,0.948,11.8,0.785,0.697,-0.03,79.0,11.998,0.9806906954044156,13.225389824975467,4.57159223674,0.0516316810742999,5246.29230634793,-3.39870846788662,99.06956,45.55,0.005,0.217,68.25,59.29135099739836,0.331439,3.217576,0.131178,4.728559
85,Armenia,5.283,1.008,12.3,0.825,0.799,-0.168,75.6,28.99,1.2124862595106918,14.673964438415773,8.057546359439996,0.49033951052,4266.01807420946,-7.5720605257634,98.26598,38.95,0.001,0.318,53.63636363636363,89.43781226346267,0.010839,0.919696,5.159024,6.430661
86,Bosnia and Herzegovina,5.813,0.9618,13.6,0.706,0.87,0.113,77.5,20.003,0.6819669342289006,17.34197300833541,8.03717375119,0.278129857293,6079.73828544838,-2.60143470404519,76.83783000000001,48.51,0.002,0.201,60.55555555555556,72.77975703519101,15.762171,4.379193,0.426328,20.932949
87,Ecuador,5.764,0.98,14.2,0.842,0.821,-0.124,77.5,20.5,0.9225495493792806,9.57969566453301,7.936254430259999,1.87324331604,5600.38961495341,-9.15874486974343,90.98817,39.07,0.013,0.407,45.333333333333336,37.25261206638354,0.0,29.006557,1.030269,34.457458
88,Saint Lucia,5.151200000000001,0.991,12.6,0.8549999999999999,0.8293999999999999,-0.0678,78.5,1.053,1.3859938298347354,12.630192964898336,11.3673190338,1.17083508115,7976.576726453393,-7.928082561172983,82.56578,52.3,0.003,0.33440000000000003,79.0,54.31601245059697,0.0,0.441095,0.0,0.441095
89,China,5.339,0.943,13.1,0.904,0.811,-0.146,76.1,17.855,0.5174930960540415,17.00119376527908,5.825682454380001,0.8998351996389999,10434.7751874839,2.11652289256483,92.73696,196.57,0.023,0.191,126.95345911949686,121.992275447679,7605.716883,1627.725238,687.880944,10956.213369
90,Fiji,6.757000000000001,0.941,15.7,0.8577999999999999,0.925,-0.0162,73.7,8.374,1.93860475039192,6.715416491005628,23.6573846793,0.567731922066,5057.63191261761,-16.3219325596987,96.6576,20.76,0.21639999999999998,0.418,53.66260794212887,91.90228622939792,18.20718688,17.90563412,14.224096040000001,52.572537880000006
91,Mongolia,5.677,1.028,14.6,0.708,0.935,0.116,70.8,28.866,1.6895091685028647,12.043857612478226,3.97437652583,1.43375410752,4060.95051770038,-6.10443081365783,98.48623,53.53,0.037,0.325,53.4,136.89798706487807,43.835373,5.282386,0.0,49.605189
92,Thailand,5.985,1.0,13.5,0.884,0.888,0.287,75.6,8.096,0.7123071663428541,13.092358847521783,8.042031699330003,3.6195157140800007,7186.87409206525,-6.333597892475,90.76189,225.17,0.006,0.38,53.58130081300813,53.45634202837532,66.805159,110.907639,77.123697,277.368424
93,Dominica,4.958399999999999,0.9516,12.7,0.8516,0.8161999999999999,0.068,77.7,10.825,1.6781721793955668,14.44449341638566,11.6538913083,1.67787589802,3278.650261076974,-3.3797556813886103,96.22909999999999,42.611200000000004,0.15380000000000002,0.4976,49.35424242424243,93.75139329593371,47.905449759999996,21.290044399999996,8.94018432,92.59343607999999
94,Libya,5.41,0.95,14.0,0.771,0.827,-0.087,76.7,21.581,0.7218038955560295,8.714725371929383,8.44753870663,0.432709134141,4697.830127637438,-5.537412093143949,93.439666,42.8264,0.13352000000000003,0.483,105.4,67.37166559269171,0.0,37.008161,15.278978,58.565147
95,Tunisia,4.596,0.894,14.6,0.656,0.691,-0.201,76.3,12.722,0.6225239645485774,8.201980213078347,9.21029240676,0.4155523962830001,3521.59194808639,-10.1344324357438,97.12156,11.13,0.004,0.24,70.9090909090909,61.571092253219334,0.0,11.826255,12.089831,27.578279
96,Colombia,6.012,0.997,13.5,0.837,0.847,-0.135,76.6,20.835,1.032997700609815,10.405090546367244,6.54049991306,1.38494141845,5334.55604233917,-7.79120102284125,91.01643,72.19,0.022,0.429,66.068,38.21374842173105,15.474417,40.10649,24.170331,85.525635
97,Saint Vincent and the Grenadines,5.4808,0.9254,13.4,0.8384,0.8290000000000001,-0.030800000000000004,76.2,6.5870000000000015,1.886889907594132,12.428992730421092,12.7874954853,2.92272888497,4697.830127637438,-5.537412093143948,93.43966599999999,42.8264,0.13352000000000003,0.483,49.39005673170057,91.47517311501821,11.82757412,19.77998928,14.5320762,51.13805319999999
98,Jamaica,6.309,0.995,12.4,0.89,0.877,-0.137,75.2,13.199000000000002,1.65895566790195,12.353230325192673,13.378768658099997,1.16208519847,4664.53024222133,-10.3915896501406,93.73849,37.84,0.008,0.43,90.66666666666667,43.01113895794221,0.364765,5.759257,0.439123,6.943511
99,Tonga,5.4418,0.967,14.7,0.7121999999999999,0.843,-0.0892,77.47353658536585,29.445211180124225,1.1738227820747817,9.41442698516677,7.546071995318158,1.016914352970436,4624.82344882844,-0.488055108897129,95.89398,22.544,0.2164,0.666,99.18503218455312,75.27539897252589,18.16273996,35.21459648,26.045631120000003,83.39536620000001
100,Belize,5.0358,0.958,13.6,0.783,0.8224,0.010199999999999997,75.3,11.262,2.3829362362753668,7.605281650189152,10.0057773997,4.87262236695,4115.17700795622,-15.5827414437054,95.75993,40.62,0.018,0.426,46.333333333333336,59.8284539053086,0.0,0.613226,0.0,0.614674
101,Dominican Republic,5.545,0.995,13.1,0.86,0.853,-0.133,72.0,15.6,1.8902919397405584,7.995696998123642,5.953591483029999,7.845276507079999,7268.1969096591,-7.65706090822447,90.77111,32.26,0.02,0.477,108.07894736842105,38.138370553864696,4.452132,17.462343,2.294334,26.379835
102,Suriname,5.151200000000001,0.975,12.7,0.8549999999999999,0.8293999999999999,-0.0678,73.3,12.265,1.373875082553642,9.191995698296452,9.79578879138,1.96978274901,4916.60566637918,-16.6635316525252,94.30187,15.93,0.024,0.463,43.333333333333336,58.41056688246863,0.0,2.586778,0.00903,2.607637
103,Maldives,5.198,0.937,13.0,0.854,0.913,0.024,76.4,10.379,2.596284969184698,6.209301050017836,9.52179135747,0.537677829043,6924.10574465625,-34.6790952766038,88.92368,27.42,0.018,0.243,19.0,70.41855185844231,0.0,2.061136,0.0,2.061136
104,Samoa,5.6168,0.956,12.9,0.8612,0.8408000000000001,0.078,74.82707317073171,14.536222360248448,1.6352689273787875,12.06795622302262,9.599672026028314,3.347156209138472,4067.84345873762,-3.23917618866891,96.68869,22.544,0.2164,0.457,53.61090909090909,81.5102696681617,10.7548866,12.092243039999998,8.90697324,35.58385636
105,Botswana,3.467,0.982,12.5,0.824,0.784,-0.246,64.8,3.688,2.2328938838785355,4.910757639100924,6.2899722778000005,32.876194275900005,6404.89993159074,-10.3576481196919,96.58527,11.21,0.2164,0.48,43.578947368421055,83.00281023906595,3.467812,2.790778,0.0,6.258589
106,Moldova (Republic of),4.7734,1.003,11.9,0.7974,0.7196,-0.020800000000000003,72.13353658536586,14.766811180124222,2.256468561093069,8.622389854619435,5.840415618250158,3.4873485149060963,3301.617471449938,-5.17536396176672,96.09357599999998,32.964,0.08972,0.42676,68.67150097465887,92.71178609469744,43.595072,25.056753999999994,9.3038024,91.2264722
107,Egypt,4.283,0.868,13.5,0.749,0.75,-0.182,73.7,7.902,1.61062788906562,5.899453606017111,7.870216623909999,0.174841938441,1736.8549572217817,-1.841905722418106,99.64027,39.97,0.014,0.573,101.65,121.08129989369407,3.853963,90.365765,119.028841,235.81978
108,Turkmenistan,5.066,0.8962,10.8,0.877,0.983,0.273,75.59353658536585,16.476011180124225,1.9417669303960594,12.430477858685636,10.73196464689416,2.9800990224952364,5368.065412163554,-0.5825227763641964,96.80904,4.11,0.2984,0.5892,104.72222222222223,91.80023927139698,0.0,19.943643,47.435126,72.035944
109,Gabon,4.852,0.9592,12.5,0.731,0.776,-0.2,69.0,3.611,3.4073577722156085,5.512493907060602,4.359212600629999,10.8390480465,6881.71519231831,-4.18185823459717,97.85942,22.5,0.07,0.514,78.1,97.06526167984578,0.0,1.762309,0.96159,5.692816
110,Indonesia,5.345,0.927,13.0,0.873,0.811,0.542,73.7,3.777,1.949919636843617,7.496086908313655,7.912381607219999,4.8562551668800005,3869.58842704537,-3.10714219034654,98.93553,27.83,0.066,0.494,93.03693931398416,84.87836650173972,300.517866,202.578967,74.960878,609.786127
111,Paraguay,5.653,0.956,11.9,0.876,0.893,0.028,77.9,13.66,2.4629339500684435,8.959139186957689,8.69675699113,0.8050341057699999,5001.07276045191,-1.79098022829488,87.49037,72.5,0.1524,0.472,42.76923076923077,55.63927883605561,0.001285,7.628318,0.0,8.033253
112,"State of Palestine",5.607799999999999,0.86,13.0,0.8629999999999999,0.8396000000000001,0.023800000000000005,74.43353658536584,15.847011180124223,1.4743163035225246,11.019255777836616,6.347012436448158,2.999929837699036,7662.007815821477,-5.606423665151281,87.382054,83.5308,0.09132000000000001,0.348,77.04999455515934,92.52079323558216,1522.5321175200002,335.13666084,140.79661732,2206.8591888799997
113,Uzbekistan,6.179,0.945,11.5,0.97,0.918,0.311,74.8,23.685,2.799799375748812,6.382199122726152,6.080061071679999,1.4798125412399998,1750.69711321291,-0.221646202901013,99.79182,45.88,0.008,0.4468,119.08620689655173,118.63144525442708,11.347821,10.945809,90.231391,118.239699
114,Philippines,5.88,0.977,11.3,0.917,0.83,-0.097,70.0,12.75,1.3895511226827684,7.480225105819239,7.82374604857,3.96577999717,3298.82958569657,-10.7815135463198,99.11916,71.85,0.052,0.42,61.195845697329375,110.51920647654045,69.125949,46.997341,7.714698,135.661668
115,El Salvador,6.061,0.965,12.3,0.888,0.762,-0.11,74.8,15.69,1.1921021673222114,7.936820926977625,11.5014002823,0.70345310185,3798.63652082321,-9.04150628086718,96.36325,27.04,0.21639999999999998,0.427,97.36363636363636,56.64845344704817,0.003391,6.040118,0.0,6.500975
116,South Africa,4.956,0.948,13.6,0.749,0.86,-0.067,64.8,9.101,1.2384237232266977,4.991918752422572,6.22776615146,36.4746375425,5655.86765390396,-7.61587550157316,90.9306,54.75,0.044,0.407,113.04022988505747,84.3282392791509,373.220141,49.002001,8.484006,435.831861
117,Viet Nam,4.7734,0.9396000000000001,11.9,0.7974,0.7196,-0.020800000000000003,75.59353658536585,16.476011180124225,1.9417669303960594,12.430477858685636,10.73196464689416,2.9800990224952364,3294.748495811885,-3.8285958459768943,96.31650199999999,41.736399999999996,0.16248,0.4972,87.05,56.13049160290981,192.278987,65.31983,16.978545,328.899732
118,Bolivia (Plurinational State of),5.920400000000001,0.931,13.2,0.876,0.8341999999999998,-0.1012,75.59353658536585,16.476011180124225,1.9417669303960594,12.430477858685634,10.73196464689416,2.980099022495236,4697.830127637437,-5.537412093143949,93.439666,42.8264,0.13352000000000003,0.483,23.78787878787879,99.58072545637654,0.2222346,3.3761842,0.19362459999999998,3.9977464000000005
119,Kyrgyzstan,5.744,0.961,12.5,0.935,0.893,0.119,71.8,18.76,2.7046726096187435,6.448403799397997,4.11556522298,1.77587911905,1644.7627916934139,-3.241408000383508,99.7309,51.07,0.007,0.353,81.53846153846153,111.01789454558346,3.125244,3.927262,0.653579,8.488702
120,Iraq,4.854,0.787,10.1,0.63,0.746,-0.053,72.6,8.217,2.0391130521326337,4.0097286286696425,6.9703854348,0.492356081307,4145.86293637602,-17.5866074376067,99.7433,31.66,0.045,0.539,114.07142857142857,92.87477272902093,0.0,103.114011,32.49138,173.507036
121,Cabo Verde,4.9496,0.9283999999999999,13.5,0.8013999999999999,0.792,-0.027200000000000002,73.46768292682927,17.948055900621117,1.883910948593194,10.290486486060058,6.548592000170787,3.6992855040961805,4697.830127637437,-5.537412093143948,93.439666,42.8264,0.13352000000000003,0.483,38.0,53.49330008790736,6.5261711999999985,19.1805922,16.8124896,43.7016024
122,Micronesia (Federated States of),4.6462,0.8503999999999999,11.7,0.7614,0.6426,0.0056000000000000025,70.47353658536585,8.617811180124225,2.4356056233758823,7.601954579063083,5.463127278908157,8.911296908282093,3136.2181351987538,-6.333860717154468,97.192714,28.676,0.13091999999999998,0.45095999999999997,65.24533998394679,110.83848561212535,43.5372706,22.975898799999996,4.216448,83.624683
123,Guyana,4.2787999999999995,0.984,10.3,0.6872,0.6367999999999999,0.0010000000000000009,69.5,7.99,2.33847347372066,6.7794952542492375,10.467874975,4.59864850139,6955.93921717789,42.7893004858971,93.58642,65.93,0.03,0.515,45.5,77.09504550808333,0.0,2.501146,0.0,3.190965
124,Nicaragua,5.972,0.96,11.5,0.836,0.864,0.02,74.2,10.056,1.4894739198905251,6.964467978898384,11.3134831824,0.8624538619259999,1905.26115155921,-3.14703683837519,95.13364,29.94,0.072,0.449,47.972972972972975,50.93183588737419,0.0,4.324356,0.0,4.556966
125,Morocco,4.918,0.828,11.6,0.774,0.56,-0.236,73.3,7.273,1.4372797454133708,6.738391702276969,9.20109377749,3.54858183456,3058.69168866957,-7.42665148894926,95.42493,27.21,0.067,0.525,45.36842105263158,78.85325854129103,25.36126,32.794844,1.563719,64.720322
126,Namibia,4.574,0.981,11.3,0.719,0.818,-0.149,65.3,3.721,2.2784795139743226,4.743872690500401,4.261293784519999,28.1558390147,4179.27806560875,-10.1707517202466,92.97581,19.58,0.193,0.401,76.88235294117646,120.0330410222342,0.046106,3.379047,0.0,3.945144
127,Guatemala,6.435,0.949,10.7,0.906,0.813,-0.038,72.4,3.55,2.4311215458300293,6.183822808693867,8.44284824917,1.12241982386,4603.33961670975,-3.00490339698756,96.61692,23.72,0.2164,0.533,80.9504132231405,102.90380574822943,4.174395,11.927723,0.0,17.595579
128,Tajikistan,5.466,0.926,11.2,0.832,0.86,-0.056,75.59353658536585,16.476011180124225,1.9417669303960594,12.430477858685636,10.73196464689416,2.9800990224952364,859.137961121368,2.12659470706988,99.14339,35.45,0.054,0.357,115.20689655172414,115.21145629376728,4.501797,2.584829,0.293917,9.434043
129,India,3.819,0.795,11.7,0.893,0.603,0.089,69.7,7.776,4.123177287116658,5.344385576167404,5.60426814482,4.24169306741,3294.748495811885,-3.8285958459768943,96.31650199999999,41.736399999999996,0.16248,0.4972,152.96422829581994,165.91366817817746,1588.060207,603.60216,127.63538,2445.011942
130,Honduras,5.919,0.944,11.1,0.857,0.812,0.081,74.6,3.144,1.8653537073423607,6.791652231793204,7.84212934255,1.6926060094300002,2389.012430771,-10.4215011539207,97.1369,26.93,0.072,0.48,63.42857142857143,66.1894842277354,0.0,9.061765,0.0,9.844177
131,Bhutan,4.9432,0.897,12.6,0.8333999999999999,0.8088,-0.010000000000000004,72.1,3.715,4.422313970947154,5.886293023253303,6.68299654232,1.79665773176,3000.77932702976,-11.0690288043469,97.91686,24.76,0.119,0.457,26.0,115.89647264070103,0.442315,0.603259,0.0,1.499693
132,Timor-Leste,4.6462,0.868,11.7,0.7614,0.6426,0.0056000000000000025,73.46768292682927,17.948055900621117,1.883910948593194,10.290486486060058,6.548592000170787,3.6992855040961805,1576.4102999737647,-1.041437736914954,99.2159,31.998,0.15568,0.5362,81.95471264367816,109.94325739085585,48.761362240000004,21.467547959999997,9.3548394,95.14026319999998
133,Syrian Arab Republic,5.405800000000001,0.834,12.3,0.8008,0.7562,-0.046200000000000005,75.59353658536585,16.476011180124225,1.9417669303960594,12.430477858685634,10.73196464689416,2.980099022495236,4204.433527011085,-5.208793454863525,94.037746,45.5536,0.12104,0.4652,86.93333333333334,83.09488431387035,47.0260272,37.2396998,27.528751999999997,129.55519399999997
134,Vanuatu,5.0146,0.903,10.6,0.8505999999999998,0.7615999999999999,0.06659999999999999,75.59353658536585,16.476011180124225,1.9417669303960594,12.430477858685636,10.73196464689416,2.9800990224952364,2870.08930028914,-9.01902421865748,99.59119,16.18,0.129,0.5347999999999999,30.0,163.2117420732276,0.0,0.17015,0.0,0.17015
135,Congo,4.9098,0.922,11.1,0.788,0.7272000000000001,0.029399999999999992,75.59353658536585,16.476011180124225,1.9417669303960594,12.430477858685636,10.73196464689416,2.9800990224952364,1790.871048335416,-2.7555118849290396,99.68651,19.348000000000003,0.181,0.593,87.58333333333333,160.0745367338263,0.0,1.910896,1.972983,7.529862
136,Kiribati,5.405800000000001,0.9245999999999999,12.3,0.8008,0.7562,-0.046200000000000005,74.8270731707317,14.536222360248448,1.635268927378787,12.067956223022621,9.599672026028315,3.347156209138472,1653.54029724315,-3.45635887438323,99.52493,32.832,0.2164,0.577,65.15424242424243,88.50631728473516,49.210684,25.06643224,12.30268224,101.27402595999999
137,Equatorial Guinea,3.9212,0.8434000000000001,9.0,0.6022000000000001,0.653,0.1268,65.7,4.0,2.271099662871958,3.1610016348828816,3.25887733886,21.7483327719,2003.4395319316113,-2.380523271221352,98.85901199999999,27.212400000000002,0.22744,0.5593999999999999,45.25,146.34551479550197,0.0,1.05393,3.122293,4.989116
138,Zambia,4.073,0.917,13.5,0.782,0.708,0.061,53.6,0.913,4.2576784736286495,3.8640700453863936,2.82318002045,22.6441215526,985.132436038869,-5.55028325872323,99.50261,17.24,0.281,0.587,40.666666666666664,144.30919841246134,2.29177,4.027911,0.0,7.280663
139,Ghana,5.088,0.885,11.5,0.807,0.727,0.123,68.2,1.8,4.477206063838525,4.358972848370349,4.96813454634,8.39563050354,2205.5290158584,-1.70251702105996,98.59045,52.1,0.139,0.554,62.793103448275865,124.90125374931479,0.0,12.277013,4.392089,19.654351
140,Lao People's Democratic Republic,5.0146,0.896,10.6,0.8505999999999998,0.7615999999999999,0.06659999999999999,75.59353658536585,16.476011180124225,1.9417669303960594,12.430477858685634,10.73196464689416,2.980099022495236,3294.748495811885,-3.8285958459768943,96.31650199999999,41.7364,0.16248,0.4972,43.5,96.56952339646011,11.6448756,49.6578412,44.7456864,111.11088379999998
141,Bangladesh,5.025,0.917,10.0,0.877,0.693,-0.041,74.2,5.268,2.778965220936777,5.921303979274027,5.57306562826,1.26426266409,1961.6137487886,2.47635985204822,99.74209,40.31,0.253,0.503,113.4625,144.51373473174064,16.948182,15.923472,56.451812,90.8253
142,Cambodia,4.83,0.89,10.9,0.959,0.765,0.034,65.9,1.682,2.71843877130758,6.849035390802928,4.7197632101,3.13289189828,3294.748495811885,-3.8285958459768943,96.31650199999999,41.7364,0.16248,0.4972,45.25,162.6795256576534,4.638542,8.739525,0.0,18.703284
143,Sao Tome and Principe,5.0632,0.891,11.3,0.7844,0.8009999999999999,-0.0728,72.01353658536586,11.520811180124223,2.24943196782617,9.962744573120457,7.797260799918158,3.497670324463236,2157.84044569668,1.15503808250499,98.88438,36.18,0.154,0.577,83.13951232583065,112.87761862981422,368.72972776,152.91181120000002,43.37767268,606.6562071599999
144,Kenya,4.607,0.913,11.0,0.779,0.688,0.287,69.0,1.988,2.735108782827789,3.728303158866701,2.69376096759,17.056098604600002,1878.58070251348,-2.53585612321258,99.81566,19.35,0.229,0.552,74.16666666666667,114.3144362908747,1.583859,13.821848,0.0,18.275836
145,Nepal,5.269,0.908,12.4,0.782,0.774,0.152,71.8,6.5070000000000014,2.4058228816371856,5.474063748768442,5.33925001126,2.2987544417700003,1155.14285440358,-3.86298769960943,99.77006,33.87,0.217,0.489,116.36363636363636,156.8814792043989,3.596216,6.58558,0.0,13.944494
146,Pakistan,4.934,0.726,7.8,0.726,0.651,0.098,69.2,9.753,2.7278738703454324,6.86785000511603,5.320544954690001,2.81194167138,1188.85975692162,-2.87594561462522,99.63597,13.84,0.23,0.536,178.78827361563518,144.33462722138552,57.210218,65.651413,69.423341,210.383928
147,Myanmar,4.426,0.8312000000000002,8.6,0.876,0.779,0.509,75.59353658536585,16.476011180124225,1.9417669303960594,12.430477858685636,10.73196464689416,2.9800990224952364,1467.60428115143,2.48283933592906,99.47626,20.69,0.2768,0.413,40.16949152542373,176.9595566872098,4.126994,20.808577,8.167307,36.088895
148,Angola,4.8278,0.9081999999999999,11.4,0.7276,0.7542,-0.045200000000000004,61.3,2.149,5.597667213494106,3.01163219150252,2.73306459562,9.10114650698,1776.16686789531,-8.39624119385249,99.65298,14.86,0.2166,0.5347999999999999,83.92592592592592,163.9707188842862,0.0,13.103288,2.539976,20.275732
149,Swaziland,4.308,0.879,11.3,0.647,0.77,-0.185,68.47353658536585,6.615811180124223,2.786489240860557,5.70253724584133,5.087561025078157,12.312190292987236,2209.1116863650327,-5.227062327415615,98.19424999999998,21.863599999999998,0.19851999999999997,0.53156,71.11165577342048,138.7195301882254,0.325993,6.4995128,0.9025917999999999,10.061811800000001
150,Tanzania (United Republic of),4.0718,0.938,9.2,0.6676,0.6998,-0.020199999999999996,62.67999999999999,2.09,3.8480612100104166,2.863206232853938,3.516700071892,11.227182401946,1280.6785667398551,-4.919998102555057,99.78938,22.9024,0.34112,0.6247999999999999,79.97100213219616,155.3583680506729,0.0559372,3.4741222,1.5753284,5.746368800000001
151,Nigeria,4.759,0.841,9.0,0.737,0.74,0.037,60.4,3.827,4.226618382076948,2.6162031458503208,2.6981138935900004,8.60521655995,2097.09247289022,-4.2601131442069,99.96825,17.65,0.303,0.5347999999999999,99.61111111111111,112.30157180096053,0.132916,70.18858,37.571966,130.176766
152,Cameroon,5.142,0.879,10.4,0.731,0.71,0.026,62.3,0.898,3.202733362804739,3.512043223118462,3.7712388946,12.294106805,1537.13021832773,-2.04245466490876,99.121,13.94,0.248,0.587,69.015625,149.6712264051444,0.0,4.765146,1.386834,9.007287
153,Madagascar,4.208,0.945,10.3,0.552,0.686,-0.005,67.3,1.812,8.45575613302868,3.250550992329184,2.47208644792,2.33381994731,471.491496300252,-9.56081244340523,99.99,42.84,0.357,0.5178,30.953846153846154,186.35105197960587,1.365766,2.545693,0.0,4.000582
154,Zimbabwe,3.145,0.922,10.9,0.677,0.75,-0.047,62.3,0.763,4.517716811893856,4.99863301444352,3.62297014305,25.493061430700003,1214.50982023534,-7.62038819104805,99.17403,17.81,0.127,0.504,43.74074074074074,136.09967669002853,6.721571,3.316712,0.0,10.607897
155,Mauritania,4.227,0.816,8.5,0.561,0.795,-0.106,64.5,1.79,5.257490579896444,5.065240679118449,4.6547328958300005,3.08416264066,1701.99116304908,-4.38235525118915,99.75584,11.55,0.285,0.61,179.0,110.88664089404983,0.0,3.855281,0.0,3.855281
156,Solomon Islands,4.0718000000000005,0.7998000000000001,9.2,0.6676,0.6998,-0.0202,75.59353658536585,16.476011180124225,1.9417669303960594,12.430477858685636,10.73196464689416,2.9800990224952364,2250.6011638607,-6.69331588516656,99.80576,24.717999999999996,0.2164,0.577,18.0,218.6640308304073,0.0,0.309364,0.0,0.309364
157,Papua New Guinea,4.499600000000001,0.8668000000000001,9.9,0.6788,0.6792,-0.0002000000000000021,67.8,0.529,2.97624856056278,4.6022789730351485,6.705332564780001,1.29012355658,2757.21752973696,-5.34336338763713,99.86433,13.68,0.2164,0.611,24.866666666666667,285.4943283334499,0.0,7.389926,0.83248,8.325129
158,Comoros,4.289,0.813,11.5,0.548,0.626,0.082,75.59353658536585,16.476011180124225,1.9417669303960594,12.430477858685634,10.73196464689416,2.980099022495236,1420.66174747221,-2.27695071483737,98.84029,36.18,0.173,0.577,33.0,135.20491800990553,0.0,0.282485,0.0,0.282485
159,Yemen,3.658,0.739,9.2,0.602,0.832,-0.147,75.59353658536585,16.476011180124225,1.9417669303960594,12.430477858685636,10.731964646894157,2.980099022495236,1291.1821913549047,-3.360023699310594,99.94615,7.59,0.4368,0.744,144.57142857142858,133.56361083710075,0.279686,9.359764,0.197557,12.140133
160,Lesotho,3.512,0.953,11.1,0.715,0.787,-0.131,75.59353658536585,16.476011180124225,1.9417669303960594,12.430477858685636,10.73196464689416,2.9800990224952364,875.353432963926,-10.3306686674169,99.55438,24.64,0.156,0.541,89.6,159.73555720637933,1.50173,0.686314,0.0,2.188045
161,Togo,4.107,0.831,12.2,0.619,0.569,0.032,66.6,0.487,3.3610794028119533,3.25985178034316,3.689076853570002,9.71130965298,914.950792453212,-0.660830190764798,99.93601,20.76,0.252,0.588,65.15789473684211,144.46488353293992,0.0,1.197757,0.203918,2.243693
162,Haiti,3.615,0.8038000000000001,8.7,0.593,0.54,0.422,65.3,2.345,3.111403304690128,5.552575878245164,6.21873064252,6.77660599691,1272.36799204205,-4.52549182297372,99.49589,20.67,0.248,0.603,101.72222222222223,156.01937294712576,0.0,2.540205,0.0,2.617741
163,Rwanda,3.415,0.957,10.3,0.897,0.552,0.061,65.1,1.346,4.169704956310957,4.61390586579067,3.0726788590100003,8.87695824697,797.855520671748,-5.78252238248137,99.78127,26.26,0.35,0.4,93.53846153846153,168.2096740201234,0.017877,1.392487,0.087912,1.661876
164,Uganda,4.636,0.886,9.8,0.709,0.781,0.122,68.2,0.908,3.5410746113203864,4.3716867002172055,2.65077930623,15.215428523699998,822.027681531666,-0.360468367685613,99.79946,13.55,0.367,0.538,85.31746031746032,132.3673564517496,0.0,4.925217,0.0,5.506982
165,Benin,5.045,0.823,11.1,0.757,0.489,-0.034,61.4,1.5719999999999998,4.456479556740223,2.893636362474993,4.33492038066,3.97973743868,1291.04097215441,1.09009852710551,99.84691,16.23,0.307,0.614,67.11111111111111,143.4687731344572,0.245894,6.516549,0.113724,7.263804
166,Sudan,4.795599999999999,0.83,7.0,0.6784,0.6752,0.009600000000000001,66.5,4.1,2.767432437161009,3.2574564138716715,5.1014562013,2.21415401285,486.418816281925,-5.90675590365227,99.683,7.92,0.321,0.591,78.85714285714286,138.7263837403311,0.0,18.025897,0.0,20.035506
167,Djibouti,4.8658,0.7962,6.4,0.7001999999999999,0.6586000000000001,0.020399999999999998,64.7,2.2030000000000003,3.570634806248327,6.3424281075379385,3.76564141907,13.6956070071,3425.48417585803,-0.969351782688705,99.1232,18.27,0.139,0.5347999999999999,73.99338308457712,98.68810283092014,50.18997796,31.842036599999993,18.76195508,116.26255956
168,South Sudan,4.795599999999999,0.8061999999999999,7.6,0.6784,0.6752,0.009600000000000001,75.59353658536585,16.476011180124225,1.9417669303960594,12.430477858685636,10.73196464689416,2.9800990224952364,650.1296008388192,-2.038731919961136,99.97365,16.922,0.557,0.6941999999999999,60.333333333333336,182.651383582836,0.0,1.498835,0.0,1.498835
169,Senegal,5.132,0.883,7.9,0.695,0.71,-0.046,63.2,0.6920000000000001,4.943972885748289,4.661658516674813,4.65131087922,4.861978468809999,1471.83096170711,-1.21334192598698,99.8589,35.01,0.309,0.528,152.42424242424244,119.85787190037755,1.894052,8.14475,0.031372,12.743876
170,Afghanistan,2.523,0.6,9.3,0.382,0.463,-0.102,52.8,2.84,1.7700298313053582,3.3720823906404545,5.27328049037,2.9380144307200005,3294.748495811885,-3.8285958459768943,96.31650199999999,41.7364,0.16248,0.4972,95.95918367346938,252.84255072458157,4.150072,7.219776,0.251244,11.681766
171,CÃ´te d'Ivoire,4.4516,0.81,8.9,0.6881999999999999,0.6477999999999999,0.2124,73.07353658536586,11.387211180124226,1.9726136989098138,11.278344547318195,9.043081909808157,5.346420509739235,2561.172259736448,-2.206200060202929,98.69969999999999,28.3264,0.18844000000000002,0.54416,53.28358208955224,72.94942490380494,0.0,6.31817,4.556792,10.963848
172,Malawi,3.6,0.907,10.8,0.78,0.537,0.038,73.27353658536585,11.746611180124225,1.7127066702345402,10.642059252787185,8.94172909376616,6.956965662699235,636.820536833847,-1.84096783778082,99.91976,12.7,0.334,0.611,47.333333333333336,147.7716710136722,0.210943,1.166499,0.0,1.471603
173,Ethiopia,4.275,0.84,8.5,0.752,0.764,0.082,67.5,1.0,4.8553617040163015,3.679245357149152,3.55263519522,7.84048979388,936.340461064749,3.3952700661372,99.85723,14.17,0.564,0.558,78.73170731707317,138.29309575128752,1.176275,11.950797,0.0,17.040752
174,Gambia,5.051,0.889,8.8,0.697,0.69,0.424,65.8,1.077,5.934737361219993,4.006295984695937,3.66789013275,8.10835880646,1326.4965679168342,-2.6698798538637676,99.51069,12.24,0.323,0.622,147.0,150.07908146486858,0.0,0.613851,0.0,0.613851
175,Congo (Democratic Republic of the),4.583,0.833,9.8,0.7153999999999999,0.6859999999999999,0.010800000000000002,69.49999999999999,3.059,3.0895202186879622,4.360260198509335,5.141942846068,5.1063809687793995,1971.8394908817513,-6.620435273399596,99.722416,23.275199999999998,0.24375999999999998,0.5828,75.14361111111111,160.1439293882339,3.3896363999999997,26.4696524,17.9551344,55.858366000000004
176,Liberia,4.625,0.789,9.5,0.735,0.72,0.05,64.7,0.373,4.112199648487234,2.896302711350656,3.81015129627,7.26973401822,632.93638561735,-5.29058563628975,99.92769,25.68,0.374,0.651,38.0,145.4694546952083,0.0,0.995636,0.0,1.127383
177,Guinea-Bissau,3.9212,0.8434000000000001,9.0,0.6022000000000001,0.653,0.1268,62.8,2.0,4.01970037606316,3.152981326147212,4.12012028148,13.3706089271,727.520171719562,-4.73491375422959,99.99,24.718,0.462,0.5770000000000001,138.75,205.2692588865496,0.0,0.329383,0.0,0.329383
178,Mali,4.723,0.776,8.4,0.697,0.724,-0.036,61.6,1.393,6.9618308648182765,2.5121659994362067,2.6926171888400003,2.94290501086,862.453018770252,-4.12662576286982,99.99,20.82,0.457,0.677,83.16,130.77380040098006,0.0,3.54087,0.0,3.928363
179,Mozambique,4.794,0.881,9.3,0.882,0.744,0.061,55.9,0.735,3.0632611007594583,3.1129482848465777,2.43940919479,26.7525784518,448.544280704982,-4.04435368981659,99.42402,9.27,0.389,0.591,36.82608695652174,163.37764726879786,0.046479,3.951473,1.659778,6.669406
180,Sierra Leone,3.849,0.814,8.6,0.717,0.63,0.084,59.8,0.25,4.610687980552785,2.48954234603862,3.69623754926,5.14201973256,509.376593987322,-3.98165433349067,99.91846,13.56,0.464,0.65,44.2,187.14914692146263,0.0,1.216472,0.0,1.216472
181,Guinea,4.984,0.778,8.7,0.697,0.639,0.095,63.2,0.7879999999999999,4.743995020620146,3.5857156164458988,3.5547718574800005,6.277911237970001,1194.03786469445,4.0431629902353,99.886,8.84,0.459,0.5998,62.476190476190474,182.4570668049828,0.0,4.532763,0.0,4.532763
182,Burkina Faso,4.834,0.881,7.8,0.695,0.672,-0.009,62.7,0.6,5.237838812352595,2.7336927209453363,3.88524531172,3.68104185981,857.932729650223,-0.907160523079824,99.89733,25.54,0.535,0.631,51.588235294117645,156.7958740738299,0.0,4.536506,0.0,5.388991
183,Burundi,3.775,0.911,10.1,0.626,0.49,-0.024,66.7,0.5,4.8773418740702175,2.9617926285419767,2.3330165601700004,9.62488188124,238.990725856496,-2.74070846256809,99.98636,11.18,0.454,0.492,62.69230769230769,192.36290429254674,0.046479,0.581588,0.0,0.657129
184,Chad,4.355,0.768,7.4,0.579,0.619,0.041,58.3,0.475,5.8529470095405305,1.905528254610112,2.8065154016000005,7.455803897439999,659.270044977801,-3.83567515256786,99.90001,24.718,0.554,0.706,75.33333333333333,178.53483372000923,0.0,1.358015,0.0,1.802198
185,Eritrea,4.8658,0.7962,4.1,0.7001999999999999,0.6586000000000001,0.020399999999999998,66.2,0.557,5.429285043893166,5.409233443041924,3.29253077866,9.35054192145,2561.172259736448,-2.206200060202929,98.69969999999999,28.3264,0.18844000000000002,0.54416,99.2,184.69618993755552,0.0,0.674642,0.0,0.78314
186,Central African Republic,4.7956,0.773,7.2,0.6784,0.6752,0.009600000000000001,54.2,0.629,3.9644922345566136,2.234884366767504,2.15427673227,19.5401821556,492.79587119399,-0.936836487562402,99.59781,24.136000000000003,0.43,0.655,64.16666666666667,223.82675831694695,0.0,0.214242,0.0,0.214242
187,Niger,5.074,0.729,5.4,0.806,0.641,0.018,59.3,0.5,3.867155353823632,2.0058639285643065,2.8017447141400003,3.0920590423100003,567.669892261611,-0.25361544353764,99.98035,11.68,0.605,0.713,75.6896551724138,173.99898906447783,0.295738,2.024959,0.0,2.491381
188,Arab States,4.7734000000000005,0.849,12.0,0.7974,0.7196,-0.020800000000000003,73.67353658536585,15.059211180124223,1.818406672837369,9.122562197731051,6.165645219252157,3.834928822810096,4322.727136334537,-4.332487369915657,95.73486399999999,34.492000000000004,0.06040000000000001,0.4226,67.50631578947369,79.33069465380936,43.595072,22.7885582,8.9881252,88.309889
189,East Asia and the Pacific,4.929,0.948,12.7,0.8478,0.8366,-0.03560000000000001,74.97999999999999,9.4462,1.9407631430897894,11.007659419803996,9.9919570024,2.27035134289,5939.956531367378,-14.90431930584921,92.313522,28.582000000000004,0.046799999999999994,0.40228,49.086666666666666,79.22137310241094,0.088463,1.4909154,0.194124,2.4604753999999995
190,Europe and Central Asia,5.0358,0.945,13.6,0.783,0.8224,0.010199999999999997,77.13353658536585,20.459771180124225,1.2550419485881439,10.807972096095995,8.423679898202156,1.5337269068786359,7093.365356235212,-9.08133071155853,87.20721,85.32,0.0092,0.3,65.24666666666667,61.59105556440993,1.3052342399999997,13.639980840000002,17.359744319999997,35.09076848
191,Latin America and the Caribbean,6.1826,0.976,14.0,0.771,0.8460000000000001,-0.0658,78.78,28.9202,1.6130059930810503,9.231280642105084,9.975330907658002,0.6546427224461999,6049.578077142764,-11.422139582211944,87.88351999999999,50.892,0.0092,0.415,129.65873015873018,79.77455150682488,0.04989464,17.8466746,32.0487294,51.881097520000004
192,South Asia,4.85,0.801,11.2,0.7615999999999999,0.7436,-0.065,64.41999999999999,2.1848,3.9056542238709517,4.3714298967302385,4.203435303448,10.553049072436,2239.039479938113,-3.8154736378835254,98.20931800000001,21.239600000000003,0.21032,0.54396,72.15054466230936,150.04531908649145,0.9861084,6.729861,0.9253366,11.5435652
193,Sub-Saharan Africa,4.3206,0.872,9.6,0.7170000000000001,0.6802,0.017999999999999995,65.51353658536586,6.8492111801242235,2.5533313002389493,5.803398295710745,5.080956236864158,7.152043534481235,1501.15292114676,-4.52115153777879,99.2773,31.806,0.2164,0.575,56.64855315260432,146.2773078956004,4.086697920000001,14.597848439999998,10.535203079999999,31.48977956
194,World,5.4058,0.924,12.2,0.8008,0.7562,-0.046200000000000005,74.55999999999999,22.064,1.703878899186003,9.835059132973958,9.024487987072,1.4210550221120002,5500.28181915732,-4.966813460051695,92.265278,52.7904,0.12136,0.44539999999999996,78.84051282051283,90.66354643294628,10.12687344,11.168384360000001,12.8672988,38.74396339999999
